Uuid,Void/Retire,Name,Description,_version:1
9e6d4de1-9b7f-4b73-b07c-3f6583e37186,,ART,ART,
bc60c120-6d09-488f-931e-f6d6a8bb0cf1,,Cervical Cancer ,Cervical Cancer ,
4e6912a1-b043-4228-91ec-ce97dd5106e4,,Doxy PEP,Doxy PEP,
2dcd0924-4736-4859-bbbb-3c278cfa046d,,Family Planning,Family Planning,
8ab43ca6-e993-403e-9ff4-d6f77b1d556e,,HBV/ HCV treatment,HBV/ HCV treatment,
b5b60a01-4abc-41d1-ac8a-e4655484cf03,,HTS,HTS,
36262979-13e8-4472-993b-255b2695507d,,Mental Health,Mental Health,
2565147d-428e-4301-969a-105b0356484e,,PEP,PEP,
3d70e51c-337d-4090-874c-43d7b4246816,,PrEP,PrEP,
24d4e873-994b-461e-9d7d-121904410740,,Sayana Press,Sayana Press,
5e4d6042-0f7a-490c-9d34-596185800a5f,,Social Work,Social Work,
34d39260-4383-4222-813b-710b058b6d80,,STI,STI,
7697961a-613f-441e-9472-b6669406d0b4,,Vaccination,Vaccination,
7336386d-310b-468a-9680-7a34b696d411,,Other,Other,